<?xml version="1.0" encoding="UTF-8" standalone="no"?>
<project>
	<configuration id="com.intel.issiot.cdt.config.gnu.cross.exe.debug.1526053683.1175457997" name="Debug">
		<extension point="org.eclipse.cdt.core.LanguageSettingsProvider">
			<provider copy-of="extension" id="org.eclipse.cdt.ui.UserLanguageSettingsProvider"/>
			<provider-reference id="org.eclipse.cdt.core.ReferencedProjectsLanguageSettingsProvider" ref="shared-provider"/>
			<provider-reference id="org.eclipse.cdt.managedbuilder.core.MBSLanguageSettingsProvider" ref="shared-provider"/>
			<provider class="org.eclipse.cdt.managedbuilder.language.settings.providers.GCCBuiltinSpecsDetector" console="false" env-hash="1082747750428768029" id="com.intel.issiot.cdt.BuiltinSpecsDetector" keep-relative-paths="false" name="IoT CDT Builtin Specs Detector" parameter="${COMMAND} ${FLAGS} -E -P -v -dD -dI &quot;${INPUTS}&quot; --sysroot=&quot;${POKY_HOME}&quot;" prefer-non-shared="true">
				<language-scope id="org.eclipse.cdt.core.g++"/>
				<language-scope id="org.eclipse.cdt.core.gcc"/>
			</provider>
		</extension>
	</configuration>
	<configuration id="com.intel.issiot.cdt.config.cross.exe.release.1926307948.1041561059" name="Release">
		<extension point="org.eclipse.cdt.core.LanguageSettingsProvider">
			<provider copy-of="extension" id="org.eclipse.cdt.ui.UserLanguageSettingsProvider"/>
			<provider-reference id="org.eclipse.cdt.core.ReferencedProjectsLanguageSettingsProvider" ref="shared-provider"/>
			<provider-reference id="org.eclipse.cdt.managedbuilder.core.MBSLanguageSettingsProvider" ref="shared-provider"/>
			<provider class="org.eclipse.cdt.managedbuilder.language.settings.providers.GCCBuiltinSpecsDetector" console="false" env-hash="1082747750428768029" id="com.intel.issiot.cdt.BuiltinSpecsDetector" keep-relative-paths="false" name="IoT CDT Builtin Specs Detector" parameter="${COMMAND} ${FLAGS} -E -P -v -dD -dI &quot;${INPUTS}&quot; --sysroot=&quot;${POKY_HOME}&quot;" prefer-non-shared="true">
				<language-scope id="org.eclipse.cdt.core.g++"/>
				<language-scope id="org.eclipse.cdt.core.gcc"/>
			</provider>
		</extension>
	</configuration>
</project>
